Designator,Footprint,Quantity,Value,LCSC Part #
"C1, C2, C4, C6",C_Disc_D5.0mm_W2.5mm_P2.50mm,4,100n,
C3,CP_Radial_D8.0mm_P2.50mm,1,100u 35V,
C5,CP_Radial_D6.3mm_P2.50mm,1,47u,
J1,PinHeader_1x15_P2.54mm_Vertical,1,Conn_01x15,
J2,PinSocket_1x11_P2.54mm_Vertical,1,AS3935-11p,
J3,PinSocket_1x08_P2.54mm_Vertical,1,AS3935-8p,
J4,USB_C,1,USB,
J5,BarrelJack_Kycon_KLDX-0202-xC_Horizontal,1,FC68148,
JP1,PinHeader_1x03_P2.54mm_Vertical,1,Pwr-Select,
L1,Transformer_Toroid_Horizontal_D10.5mm_Amidon-T37,1,L_Coupled_Small,
U1,TO-220-3_Horizontal_TabDown,1,LM7805_TO220,
